ID,Type,SKU,Name,Published,Is featured?,Visibility in catalog,Short description,Description,Tax status,Tax class,In stock?,Stock,Backorders allowed?,Sold individually?,Allow customer reviews?,Sale price,Regular price,Categories,Tags,Images,Parent,Upsells,Cross-sells,Position,Attribute 1 name,Attribute 1 value(s),Attribute 1 visible,Attribute 1 global,Meta: _es,Meta: _materials
,variable,REX-SAL,Sal,1,0,visible,"One fine chain, one small chili charm, and the only piece here you can wear to work.","<p>The entry point and the piece we sell most of. A 1.2mm cable chain that sits just above the ankle bone with a chili pepper charm small enough that nobody reads it as a statement. Wear it under a boot all winter and forget it is there.</p><p><em>Sal, salt</em></p>",taxable,,1,,0,0,1,,,Anklets & Thigh,Diario,https://rexjewelz.vercel.app/images/p-sal.jpg,,,,1,Finish,"Gold, Silver, Bronze",1,1,salt,18k gold plated brass|surgical steel lobster clasp|hand enamelled chili charm
,variation,REX-SAL-GOLD,Sal - Gold,1,,visible,,,taxable,,1,,,,,,12,,,,REX-SAL,,,,Finish,Gold,1,1,,
,variation,REX-SAL-SILVER,Sal - Silver,1,,visible,,,taxable,,1,,,,,,13,,,,REX-SAL,,,,Finish,Silver,1,1,,
,variation,REX-SAL-BRONZE,Sal - Bronze,1,,visible,,,taxable,,1,,,,,,16,,,,REX-SAL,,,,Finish,Bronze,1,1,,
,variable,REX-DIJES,Dijes,1,0,visible,"Clip on charms for any chain you already own. A chili, a coin, a cross, a pair of dice.","<p>Six shapes, all clipping onto anything with a link big enough to take them. Put them on a Rex chain, a chain you already had, a belt loop, a bag strap. There is no meaning system and no collection to complete.</p><p><em>Dijes, charms</em></p>",taxable,,1,,0,0,1,,,Neck & Hand,Diario,https://rexjewelz.vercel.app/images/p-dijes.jpg,,,,2,Quantity,"One, Three, Six",1,1,charms,18k gold plated brass|hand enamel|spring gate clip
,variation,REX-DIJES-ONE,Dijes - One,1,,visible,,,taxable,,1,,,,,,13,,,,REX-DIJES,,,,Quantity,One,1,1,,
,variation,REX-DIJES-THREE,Dijes - Three,1,,visible,,,taxable,,1,,,,,,28,,,,REX-DIJES,,,,Quantity,Three,1,1,,
,variation,REX-DIJES-SIX,Dijes - Six,1,,visible,,,taxable,,1,,,,,,41,,,,REX-DIJES,,,,Quantity,Six,1,1,,
,variable,REX-OJOS,Ojos,1,0,visible,Ear chains long enough to land on your collarbone and stay there when you move.,"<p>A threader that goes through the lobe and drops a fine chain down the neck. They swing when you turn your head, which is the entire reason they exist. Sold as a pair, worn as a pair or split between two ears if you have the piercings for it.</p><p><em>Ojos, eyes</em></p>",taxable,,1,,0,0,1,,,Neck & Hand,Bronce,https://rexjewelz.vercel.app/images/p-ojos.jpg,,,,3,Finish,"Gold, Bronze",1,1,eyes,18k gold plated brass|surgical steel threader|faceted glass drop
,variation,REX-OJOS-GOLD,Ojos - Gold,1,,visible,,,taxable,,1,,,,,,28,,,,REX-OJOS,,,,Finish,Gold,1,1,,
,variation,REX-OJOS-BRONZE,Ojos - Bronze,1,,visible,,,taxable,,1,,,,,,30,,,,REX-OJOS,,,,Finish,Bronze,1,1,,
,variable,REX-CINTURA,Cintura,1,0,visible,"The single waist chain. Sits under everything, shows up when you want it to.","<p>One row, adjustable through four inches, with a slide clasp so you can set it and leave it on. This is the piece people buy first and then never take off. Wears well under a white shirt and better under nothing.</p><p><em>Cintura, waist</em></p>",taxable,,1,,0,0,1,,,Waist & Belly,Diario,"https://rexjewelz.vercel.app/images/p-cintura.jpg, https://rexjewelz.vercel.app/images/l-hero-cintura.jpg",,,,4,Size,"XS to S, M to L, XL to 2X",1,1,waist,18k gold plated brass|adjustable slide clasp|solid brass extender
,variation,REX-CINTURA-XSTOS,Cintura - XS to S,1,,visible,,,taxable,,1,,,,,,30,,,,REX-CINTURA,,,,Size,XS to S,1,1,,
,variation,REX-CINTURA-MTOL,Cintura - M to L,1,,visible,,,taxable,,1,,,,,,40,,,,REX-CINTURA,,,,Size,M to L,1,1,,
,variation,REX-CINTURA-XLTO2X,Cintura - XL to 2X,1,,visible,,,taxable,,1,,,,,,46,,,,REX-CINTURA,,,,Size,XL to 2X,1,1,,
,variable,REX-HUMO,Humo,1,0,visible,Bronze chokers layered so tight they read as one solid collar.,"<p>Rows of flat snake chain set at graduated lengths on a single clasp, so the whole stack goes on in one movement and never tangles. Under hard light it stops looking like chain and starts looking like poured metal.</p><p><em>Humo, smoke</em></p>",taxable,,1,,0,0,1,,,Neck & Hand,Bronce,"https://rexjewelz.vercel.app/images/p-humo.jpg, https://rexjewelz.vercel.app/images/l-humo.jpg",,,,5,Rows,"Two rows, Three rows, Five rows",1,1,smoke,18k gold plated flat snake chain|single lobster clasp|brass spacer bar
,variation,REX-HUMO-TWOROWS,Humo - Two rows,1,,visible,,,taxable,,1,,,,,,40,,,,REX-HUMO,,,,Rows,Two rows,1,1,,
,variation,REX-HUMO-THREEROWS,Humo - Three rows,1,,visible,,,taxable,,1,,,,,,46,,,,REX-HUMO,,,,Rows,Three rows,1,1,,
,variation,REX-HUMO-FIVEROWS,Humo - Five rows,1,,visible,,,taxable,,1,,,,,,52,,,,REX-HUMO,,,,Rows,Five rows,1,1,,
,variable,REX-MUSLO,Muslo,1,0,visible,A thigh chain with enough grip to survive a full night of dancing.,"<p>The engineering problem with thigh chains is that they slide. Ours has a silicone lined inner band hidden behind the front chain, so it stays where you put it through four hours of moving. Worn over bare skin, over tights, or under a slit skirt so it only appears when you walk.</p><p><em>Muslo, thigh</em></p>",taxable,,1,,0,0,1,,,Anklets & Thigh,Oro,"https://rexjewelz.vercel.app/images/p-muslo.jpg, https://rexjewelz.vercel.app/images/l-muslo.jpg",,,,6,Size,"S to M, L to XL, 2X to 3X",1,1,thigh,18k gold plated curb chain|silicone lined grip band|adjustable extender
,variation,REX-MUSLO-STOM,Muslo - S to M,1,,visible,,,taxable,,1,,,,,,41,,,,REX-MUSLO,,,,Size,S to M,1,1,,
,variation,REX-MUSLO-LTOXL,Muslo - L to XL,1,,visible,,,taxable,,1,,,,,,46,,,,REX-MUSLO,,,,Size,L to XL,1,1,,
,variation,REX-MUSLO-2XTO3X,Muslo - 2X to 3X,1,,visible,,,taxable,,1,,,,,,52,,,,REX-MUSLO,,,,Size,2X to 3X,1,1,,
,variable,REX-MONEDAS,Monedas,1,0,visible,A belly chain hung with small coins that catch the light and make noise when you move.,"<p>Twenty two hammered coin discs on a fine belly chain. They move against each other and throw light in every direction, which photographs better than anything else we make. It also means you can hear it, quietly, which people either love or return within the week.</p><p><em>Monedas, coins</em></p>",taxable,,1,,0,0,1,,,Waist & Belly,Oro,https://rexjewelz.vercel.app/images/p-monedas.jpg,,,,7,Size,"XS to S, M to L, XL to 2X",1,1,coins,18k gold plated brass|hand hammered coin discs|adjustable slide clasp
,variation,REX-MONEDAS-XSTOS,Monedas - XS to S,1,,visible,,,taxable,,1,,,,,,46,,,,REX-MONEDAS,,,,Size,XS to S,1,1,,
,variation,REX-MONEDAS-MTOL,Monedas - M to L,1,,visible,,,taxable,,1,,,,,,52,,,,REX-MONEDAS,,,,Size,M to L,1,1,,
,variation,REX-MONEDAS-XLTO2X,Monedas - XL to 2X,1,,visible,,,taxable,,1,,,,,,58,,,,REX-MONEDAS,,,,Size,XL to 2X,1,1,,
,variable,REX-MORDIDA,Mordida,1,0,visible,A hand chain running from a ring across the back of the hand to the wrist.,"<p>One ring, one bracelet, three chains across the back of the hand. The ring is adjustable so it fits whichever finger you decide, and the whole thing lies flat rather than bunching when you close your fist. Buy one for your good hand or a pair and stop pretending you are subtle.</p><p><em>Mordida, bite</em></p>",taxable,,1,,0,0,1,,,Neck & Hand,Bronce,https://rexjewelz.vercel.app/images/p-mordida.jpg,,,,8,Quantity,"Single, Pair",1,1,bite,18k gold plated brass|adjustable ring band|fine cable chain
,variation,REX-MORDIDA-SINGLE,Mordida - Single,1,,visible,,,taxable,,1,,,,,,46,,,,REX-MORDIDA,,,,Quantity,Single,1,1,,
,variation,REX-MORDIDA-PAIR,Mordida - Pair,1,,visible,,,taxable,,1,,,,,,72,,,,REX-MORDIDA,,,,Quantity,Pair,1,1,,
,variable,REX-DOBLE,Doble,1,0,visible,Two rows of waist chain set at different heights so they never sit flat against each other.,"<p>The upper row sits at the natural waist, the lower row rides the hip, and the drop between them is fixed by a spacer so it stays right whether you are standing or sitting. This is the piece that reads as expensive in a photograph.</p><p><em>Doble, double</em></p>",taxable,,1,,0,0,1,,,Waist & Belly,Oro,https://rexjewelz.vercel.app/images/p-doble.jpg,,,,9,Size,"XS to S, M to L, XL to 2X",1,1,double,18k gold plated brass|fixed brass spacer|adjustable slide clasp
,variation,REX-DOBLE-XSTOS,Doble - XS to S,1,,visible,,,taxable,,1,,,,,,52,,,,REX-DOBLE,,,,Size,XS to S,1,1,,
,variation,REX-DOBLE-MTOL,Doble - M to L,1,,visible,,,taxable,,1,,,,,,58,,,,REX-DOBLE,,,,Size,M to L,1,1,,
,variation,REX-DOBLE-XLTO2X,Doble - XL to 2X,1,,visible,,,taxable,,1,,,,,,66,,,,REX-DOBLE,,,,Size,XL to 2X,1,1,,
,variable,REX-BRASA,Brasa,1,0,visible,Waist chain set with chili red crystal. The one that turns up in every photo.,"<p>A full row of prong set red crystal across the front, tapering to plain chain at the back where nobody is looking. Hand set stone by stone, which is why it costs what it does and why the fire in it does not go flat under flash.</p><p><em>Brasa, ember</em></p>",taxable,,1,,0,0,1,,,Waist & Belly,Fuego,https://rexjewelz.vercel.app/images/p-brasa.jpg,,,,10,Size,"XS to S, M to L, XL to 2X",1,1,ember,prong set glass crystal|18k gold plated brass|adjustable slide clasp
,variation,REX-BRASA-XSTOS,Brasa - XS to S,1,,visible,,,taxable,,1,,,,,,58,,,,REX-BRASA,,,,Size,XS to S,1,1,,
,variation,REX-BRASA-MTOL,Brasa - M to L,1,,visible,,,taxable,,1,,,,,,66,,,,REX-BRASA,,,,Size,M to L,1,1,,
,variation,REX-BRASA-XLTO2X,Brasa - XL to 2X,1,,visible,,,taxable,,1,,,,,,72,,,,REX-BRASA,,,,Size,XL to 2X,1,1,,
,variable,REX-MEDIANOCHE,Medianoche,1,0,visible,A chest drape that hangs from the neck and falls open down the front.,"<p>It goes on like a halter and falls into a long V that follows whatever you are wearing under it. Over a slip, over a blazer with nothing beneath, over a bikini. The back is a single chain so it does not fight with a low cut anything.</p><p><em>Medianoche, midnight</em></p>",taxable,,1,,0,0,1,,,Chest & Bra,Bronce,"https://rexjewelz.vercel.app/images/p-medianoche.jpg, https://rexjewelz.vercel.app/images/l-medianoche.jpg",,,,11,Size,"XS to S, M to L, XL to 2X",1,1,midnight,18k gold plated cable chain|brass connector rings|adjustable back clasp
,variation,REX-MEDIANOCHE-XSTOS,Medianoche - XS to S,1,,visible,,,taxable,,1,,,,,,66,,,,REX-MEDIANOCHE,,,,Size,XS to S,1,1,,
,variation,REX-MEDIANOCHE-MTOL,Medianoche - M to L,1,,visible,,,taxable,,1,,,,,,72,,,,REX-MEDIANOCHE,,,,Size,M to L,1,1,,
,variation,REX-MEDIANOCHE-XLTO2X,Medianoche - XL to 2X,1,,visible,,,taxable,,1,,,,,,89,,,,REX-MEDIANOCHE,,,,Size,XL to 2X,1,1,,
,variable,REX-JAULA,Jaula,1,0,visible,"A chain harness across the chest and ribs. Structural, not decorative.","<p>Geometry that holds its shape on the body instead of collapsing into a pile of chain. Fixed connector plates at the sternum and the sides keep the lines where they should be, and the whole thing adjusts at four points so it fits rather than approximately fits.</p><p><em>Jaula, cage</em></p>",taxable,,1,,0,0,1,,,Harness & Back,Bronce,"https://rexjewelz.vercel.app/images/p-jaula.jpg, https://rexjewelz.vercel.app/images/l-jaula.jpg",,,,12,Size,"XS to S, M to L, XL to 2X",1,1,cage,18k gold plated curb chain|solid brass connector plates|four point adjustment
,variation,REX-JAULA-XSTOS,Jaula - XS to S,1,,visible,,,taxable,,1,,,,,,72,,,,REX-JAULA,,,,Size,XS to S,1,1,,
,variation,REX-JAULA-MTOL,Jaula - M to L,1,,visible,,,taxable,,1,,,,,,89,,,,REX-JAULA,,,,Size,M to L,1,1,,
,variation,REX-JAULA-XLTO2X,Jaula - XL to 2X,1,,visible,,,taxable,,1,,,,,,111,,,,REX-JAULA,,,,Size,XL to 2X,1,1,,
,variable,REX-ESPALDA,Espalda,1,0,visible,A back drape that hangs from the neck and runs the whole length of the spine.,"<p>Built for backless. It fastens at the neck, follows the spine, and ends in a weighted crystal drop at the small of the back so the chain hangs straight and does not drift sideways when you walk. The only piece we make that you cannot see while wearing it.</p><p><em>Espalda, back</em></p>",taxable,,1,,0,0,1,,,Harness & Back,Hielo,"https://rexjewelz.vercel.app/images/p-espalda.jpg, https://rexjewelz.vercel.app/images/l-espalda.jpg",,,,13,Size,"XS to S, M to L, XL to 2X",1,1,back,18k gold plated fine chain|faceted crystal drop|weighted brass terminal
,variation,REX-ESPALDA-XSTOS,Espalda - XS to S,1,,visible,,,taxable,,1,,,,,,89,,,,REX-ESPALDA,,,,Size,XS to S,1,1,,
,variation,REX-ESPALDA-MTOL,Espalda - M to L,1,,visible,,,taxable,,1,,,,,,111,,,,REX-ESPALDA,,,,Size,M to L,1,1,,
,variation,REX-ESPALDA-XLTO2X,Espalda - XL to 2X,1,,visible,,,taxable,,1,,,,,,147,,,,REX-ESPALDA,,,,Size,XL to 2X,1,1,,
,variable,REX-DIABLA,Diabla,1,0,visible,Crystal bra chain with fringe that moves a half second after you do.,"<p>Prong set crystal across the band and a fall of cup chain fringe below it, cut to different lengths so it breaks up rather than hanging as a curtain. The delay in the way the fringe moves is the whole point and it is the reason people film themselves in it.</p><p><em>Diabla, she devil</em></p>",taxable,,1,,0,0,1,,,Chest & Bra,Fuego,"https://rexjewelz.vercel.app/images/p-diabla.jpg, https://rexjewelz.vercel.app/images/l-diabla.jpg",,,,14,Size,"XS to S, M to L, XL to 2X",1,1,she devil,prong set glass crystal|18k gold plated cup chain fringe|adjustable band and straps
,variation,REX-DIABLA-XSTOS,Diabla - XS to S,1,,visible,,,taxable,,1,,,,,,111,,,,REX-DIABLA,,,,Size,XS to S,1,1,,
,variation,REX-DIABLA-MTOL,Diabla - M to L,1,,visible,,,taxable,,1,,,,,,147,,,,REX-DIABLA,,,,Size,M to L,1,1,,
,variation,REX-DIABLA-XLTO2X,Diabla - XL to 2X,1,,visible,,,taxable,,1,,,,,,169,,,,REX-DIABLA,,,,Size,XL to 2X,1,1,,
,variable,REX-LA-REINA,La Reina,1,0,visible,A full crystal chain bralette. The piece the whole brand gets judged on.,"<p>Thousands of hand set stones across a shaped mesh that follows the body rather than sitting on top of it. It takes one person the better part of two days. It is the most expensive single piece we make and it is the one that has to be right, so it is checked twice and boxed by whoever built it.</p><p><em>La Reina, the queen</em></p>",taxable,,1,,0,0,1,,,Chest & Bra,Hielo,"https://rexjewelz.vercel.app/images/p-la-reina.jpg, https://rexjewelz.vercel.app/images/l-reina.jpg",,,,15,Size,"XS to S, M to L, XL to 2X",1,1,the queen,hand set glass crystal on shaped mesh|18k gold plated frame|adjustable band and straps
,variation,REX-LA-REINA-XSTOS,La Reina - XS to S,1,,visible,,,taxable,,1,,,,,,147,,,,REX-LA-REINA,,,,Size,XS to S,1,1,,
,variation,REX-LA-REINA-MTOL,La Reina - M to L,1,,visible,,,taxable,,1,,,,,,169,,,,REX-LA-REINA,,,,Size,M to L,1,1,,
,variation,REX-LA-REINA-XLTO2X,La Reina - XL to 2X,1,,visible,,,taxable,,1,,,,,,208,,,,REX-LA-REINA,,,,Size,XL to 2X,1,1,,
,variable,REX-VENENO,Veneno,1,0,visible,"Full body chain, shoulder to hip, front and back. Everything at once.","<p>The chest harness, the waist row and the hip drape built as one connected piece so the lines stay true instead of drifting apart through the night. Nine adjustment points. If none of the four sizes are right we will build it to your measurements, which takes about three weeks.</p><p><em>Veneno, venom</em></p>",taxable,,1,,0,0,1,,,Harness & Back,Fuego,https://rexjewelz.vercel.app/images/p-veneno.jpg,,,,16,Size,"XS to S, M to L, XL to 2X, Made to measure",1,1,venom,18k gold plated curb and cable chain|solid brass connector plates|nine point adjustment
,variation,REX-VENENO-XSTOS,Veneno - XS to S,1,,visible,,,taxable,,1,,,,,,169,,,,REX-VENENO,,,,Size,XS to S,1,1,,
,variation,REX-VENENO-MTOL,Veneno - M to L,1,,visible,,,taxable,,1,,,,,,208,,,,REX-VENENO,,,,Size,M to L,1,1,,
,variation,REX-VENENO-XLTO2X,Veneno - XL to 2X,1,,visible,,,taxable,,1,,,,,,245,,,,REX-VENENO,,,,Size,XL to 2X,1,1,,
,variation,REX-VENENO-MADETOMEASURE,Veneno - Made to measure,1,,visible,,,taxable,,1,,,,,,274,,,,REX-VENENO,,,,Size,Made to measure,1,1,,
,simple,REX-SET-PRIMERA,La Primera,1,1,visible,"One waist chain, one anklet, three charms. The cheapest way to own the idea.","<p>Everything here goes under normal clothes, which is the point. Buy this, wear it for a month, and you will know whether the rest of the catalogue is for you. It costs less than the three pieces bought apart.</p><p><em>La Primera, the first one</em></p><p>What is in it</p><ul><li><strong>Cintura</strong>, The single waist chain. Sits under everything, shows up when you want it to.</li><li><strong>Sal</strong>, One fine chain, one small chili charm, and the only piece here you can wear to work.</li><li><strong>Dijes</strong>, Clip on charms for any chain you already own. A chili, a coin, a cross, a pair of dice.</li></ul><p>Bought separately at entry size these come to $55. The set is $46, so you keep $9, which is 16 percent off. Pick a larger size on any piece and the gap only widens.</p>",taxable,,1,,0,0,1,,46,Sets,Diario,https://rexjewelz.vercel.app/images/s-primera.jpg,,,"REX-CINTURA, REX-SAL, REX-DIJES",17,,,,,the first one,
,simple,REX-SET-NOCHE,Noche Entera,1,1,visible,"Chest drape, collar, harness and thigh chain. Dressed for the whole night in four pieces.","<p>All warm metal, all built to survive being danced in. This is the edit we send to stylists when they ask for one box.</p><p><em>Noche Entera, all night</em></p><p>What is in it</p><ul><li><strong>Medianoche</strong>, A chest drape that hangs from the neck and falls open down the front.</li><li><strong>Humo</strong>, Bronze chokers layered so tight they read as one solid collar.</li><li><strong>Muslo</strong>, A thigh chain with enough grip to survive a full night of dancing.</li><li><strong>Jaula</strong>, A chain harness across the chest and ribs. Structural, not decorative.</li></ul><p>Bought separately at entry size these come to $219. The set is $170, so you keep $49, which is 22 percent off. Pick a larger size on any piece and the gap only widens.</p>",taxable,,1,,0,0,1,,170,Sets,Bronce,https://rexjewelz.vercel.app/images/s-noche.jpg,,,"REX-MEDIANOCHE, REX-HUMO, REX-MUSLO, REX-JAULA",18,,,,,all night,
,simple,REX-SET-CALIENTE,Muy Caliente,1,1,visible,"Every red crystal piece plus the coin chain, the hand chain and the ear chains.","<p>The loudest edit we sell. Nothing in it is subtle and nothing in it is meant to be.</p><p><em>Muy Caliente, very hot</em></p><p>What is in it</p><ul><li><strong>Diabla</strong>, Crystal bra chain with fringe that moves a half second after you do.</li><li><strong>Brasa</strong>, Waist chain set with chili red crystal. The one that turns up in every photo.</li><li><strong>Mordida</strong>, A hand chain running from a ring across the back of the hand to the wrist.</li><li><strong>Ojos</strong>, Ear chains long enough to land on your collarbone and stay there when you move.</li><li><strong>Monedas</strong>, A belly chain hung with small coins that catch the light and make noise when you move.</li></ul><p>Bought separately at entry size these come to $289. The set is $225, so you keep $64, which is 22 percent off. Pick a larger size on any piece and the gap only widens.</p>",taxable,,1,,0,0,1,,225,Sets,Fuego,https://rexjewelz.vercel.app/images/s-caliente.jpg,,,"REX-DIABLA, REX-BRASA, REX-MORDIDA, REX-OJOS, REX-MONEDAS",19,,,,,very hot,
,simple,REX-SET-TODO,Todo,1,1,visible,"Every piece we make, in one box, for less than half of buying them apart.","<p>Sixteen pieces. People buy this once and talk about it for a year. Built to order, so allow three weeks.</p><p><em>Todo, everything</em></p><p>What is in it</p><ul><li><strong>Sal</strong></li><li><strong>Dijes</strong></li><li><strong>Ojos</strong></li><li><strong>Cintura</strong></li><li><strong>Humo</strong></li><li><strong>Muslo</strong></li><li><strong>Monedas</strong></li><li><strong>Mordida</strong></li><li><strong>Doble</strong></li><li><strong>Brasa</strong></li><li><strong>Medianoche</strong></li><li><strong>Jaula</strong></li><li><strong>Espalda</strong></li><li><strong>Diabla</strong></li><li><strong>La Reina</strong></li><li><strong>Veneno</strong></li></ul><p>Bought separately at entry size these come to $1020. The set is $368, so you keep $652, which is 64 percent off. Pick a larger size on any piece and the gap only widens.</p>",taxable,,1,,0,0,1,,368,Sets,Hielo,https://rexjewelz.vercel.app/images/s-todo.jpg,,,"REX-SAL, REX-DIJES, REX-OJOS, REX-CINTURA, REX-HUMO, REX-MUSLO, REX-MONEDAS, REX-MORDIDA, REX-DOBLE, REX-BRASA, REX-MEDIANOCHE, REX-JAULA, REX-ESPALDA, REX-DIABLA, REX-LA-REINA, REX-VENENO",20,,,,,everything,
